File	BHL Page ID	Instance of	Published In	Published In QID	Collection	Sponsor	Bibliography ID	Illustrator	Engraver	Ref URL for Authors	Inception	Names
Les bois indigènes de São Paulo (Page 100) BHL13034924.jpg	13034924	Text Illustration	Les bois indigènes de São Paulo	Q51406082	New York Botanical Garden, LuEsther T. Mertz Library	The LuEsther T Mertz Library, the New York Botanical Garden	13072	Q10340184			1916-01-01	| permissions = NOT_IN_COPYRIGHT<br>
Les bois indigènes de São Paulo (Page 103) BHL13034927.jpg	13034927	Text Illustration	Les bois indigènes de São Paulo	Q51406082	New York Botanical Garden, LuEsther T. Mertz Library	The LuEsther T Mertz Library, the New York Botanical Garden	13072	Q10340184			1916-01-01	| permissions = NOT_IN_COPYRIGHT<br>
Les bois indigènes de São Paulo (Page 112) BHL13034936.jpg	13034936	Text Illustration	Les bois indigènes de São Paulo	Q51406082	New York Botanical Garden, LuEsther T. Mertz Library	The LuEsther T Mertz Library, the New York Botanical Garden	13072	Q10340184			1916-01-01	| permissions = NOT_IN_COPYRIGHT<br>
Les bois indigènes de São Paulo (Page 113) BHL13034937.jpg	13034937	Text Illustration	Les bois indigènes de São Paulo	Q51406082	New York Botanical Garden, LuEsther T. Mertz Library	The LuEsther T Mertz Library, the New York Botanical Garden	13072	Q10340184			1916-01-01	| permissions = NOT_IN_COPYRIGHT<br>
Les bois indigènes de São Paulo (Page 117) BHL13034941.jpg	13034941	Text Illustration	Les bois indigènes de São Paulo	Q51406082	New York Botanical Garden, LuEsther T. Mertz Library	The LuEsther T Mertz Library, the New York Botanical Garden	13072	Q10340184			1916-01-01	| permissions = NOT_IN_COPYRIGHT<br>
Les bois indigènes de São Paulo (Page 119) BHL13034943.jpg	13034943	Text Illustration	Les bois indigènes de São Paulo	Q51406082	New York Botanical Garden, LuEsther T. Mertz Library	The LuEsther T Mertz Library, the New York Botanical Garden	13072	Q10340184			1916-01-01	| permissions = NOT_IN_COPYRIGHT<br>
Les bois indigènes de São Paulo (Page 120) BHL13034944.jpg	13034944	Text Illustration	Les bois indigènes de São Paulo	Q51406082	New York Botanical Garden, LuEsther T. Mertz Library	The LuEsther T Mertz Library, the New York Botanical Garden	13072	Q10340184			1916-01-01	| permissions = NOT_IN_COPYRIGHT<br>
Les bois indigènes de São Paulo (Page 121) BHL13034945.jpg	13034945	Text Illustration	Les bois indigènes de São Paulo	Q51406082	New York Botanical Garden, LuEsther T. Mertz Library	The LuEsther T Mertz Library, the New York Botanical Garden	13072	Q10340184			1916-01-01	| permissions = NOT_IN_COPYRIGHT<br>
Les bois indigènes de São Paulo (Page 122) BHL13034946.jpg	13034946	Text Illustration	Les bois indigènes de São Paulo	Q51406082	New York Botanical Garden, LuEsther T. Mertz Library	The LuEsther T Mertz Library, the New York Botanical Garden	13072	Q10340184			1916-01-01	| permissions = NOT_IN_COPYRIGHT<br>
Les bois indigènes de São Paulo (Page 124) BHL13034948.jpg	13034948	Text Illustration	Les bois indigènes de São Paulo	Q51406082	New York Botanical Garden, LuEsther T. Mertz Library	The LuEsther T Mertz Library, the New York Botanical Garden	13072	Q10340184			1916-01-01	| permissions = NOT_IN_COPYRIGHT<br>
Les bois indigènes de São Paulo (Page 125) BHL13034949.jpg	13034949	Text Illustration	Les bois indigènes de São Paulo	Q51406082	New York Botanical Garden, LuEsther T. Mertz Library	The LuEsther T Mertz Library, the New York Botanical Garden	13072	Q10340184			1916-01-01	| permissions = NOT_IN_COPYRIGHT<br>
Les bois indigènes de São Paulo (Page 127) BHL13034951.jpg	13034951	Text Illustration	Les bois indigènes de São Paulo	Q51406082	New York Botanical Garden, LuEsther T. Mertz Library	The LuEsther T Mertz Library, the New York Botanical Garden	13072	Q10340184			1916-01-01	| permissions = NOT_IN_COPYRIGHT<br>
Les bois indigènes de São Paulo (Page 13) BHL13034824.jpg	13034824	Text Illustration	Les bois indigènes de São Paulo	Q51406082	New York Botanical Garden, LuEsther T. Mertz Library	The LuEsther T Mertz Library, the New York Botanical Garden	13072	Q10340184			1916-01-01	| permissions = NOT_IN_COPYRIGHT<br>
Les bois indigènes de São Paulo (Page 133) BHL13034957.jpg	13034957	Text Illustration	Les bois indigènes de São Paulo	Q51406082	New York Botanical Garden, LuEsther T. Mertz Library	The LuEsther T Mertz Library, the New York Botanical Garden	13072	Q10340184			1916-01-01	| permissions = NOT_IN_COPYRIGHT<br>
Les bois indigènes de São Paulo (Page 134) BHL13034958.jpg	13034958	Text Illustration	Les bois indigènes de São Paulo	Q51406082	New York Botanical Garden, LuEsther T. Mertz Library	The LuEsther T Mertz Library, the New York Botanical Garden	13072	Q10340184			1916-01-01	| permissions = NOT_IN_COPYRIGHT<br>
Les bois indigènes de São Paulo (Page 136) BHL13034960.jpg	13034960	Text Illustration	Les bois indigènes de São Paulo	Q51406082	New York Botanical Garden, LuEsther T. Mertz Library	The LuEsther T Mertz Library, the New York Botanical Garden	13072	Q10340184			1916-01-01	| permissions = NOT_IN_COPYRIGHT<br>
Les bois indigènes de São Paulo (Page 137) BHL13034961.jpg	13034961	Text Illustration	Les bois indigènes de São Paulo	Q51406082	New York Botanical Garden, LuEsther T. Mertz Library	The LuEsther T Mertz Library, the New York Botanical Garden	13072	Q10340184			1916-01-01	| permissions = NOT_IN_COPYRIGHT<br>
Les bois indigènes de São Paulo (Page 140) BHL13034964.jpg	13034964	Text Illustration	Les bois indigènes de São Paulo	Q51406082	New York Botanical Garden, LuEsther T. Mertz Library	The LuEsther T Mertz Library, the New York Botanical Garden	13072	Q10340184			1916-01-01	| permissions = NOT_IN_COPYRIGHT<br>
Les bois indigènes de São Paulo (Page 141) BHL13034965.jpg	13034965	Text Illustration	Les bois indigènes de São Paulo	Q51406082	New York Botanical Garden, LuEsther T. Mertz Library	The LuEsther T Mertz Library, the New York Botanical Garden	13072	Q10340184			1916-01-01	| permissions = NOT_IN_COPYRIGHT<br>
Les bois indigènes de São Paulo (Page 142) BHL13034966.jpg	13034966	Text Illustration	Les bois indigènes de São Paulo	Q51406082	New York Botanical Garden, LuEsther T. Mertz Library	The LuEsther T Mertz Library, the New York Botanical Garden	13072	Q10340184			1916-01-01	| permissions = NOT_IN_COPYRIGHT<br>
Les bois indigènes de São Paulo (Page 163) BHL13034987.jpg	13034987	Text Illustration	Les bois indigènes de São Paulo	Q51406082	New York Botanical Garden, LuEsther T. Mertz Library	The LuEsther T Mertz Library, the New York Botanical Garden	13072	Q10340184			1916-01-01	| permissions = NOT_IN_COPYRIGHT<br>
Les bois indigènes de São Paulo (Page 164) BHL13034988.jpg	13034988	Text Illustration	Les bois indigènes de São Paulo	Q51406082	New York Botanical Garden, LuEsther T. Mertz Library	The LuEsther T Mertz Library, the New York Botanical Garden	13072	Q10340184			1916-01-01	| permissions = NOT_IN_COPYRIGHT<br>
Les bois indigènes de São Paulo (Page 165) BHL13034989.jpg	13034989	Text Illustration	Les bois indigènes de São Paulo	Q51406082	New York Botanical Garden, LuEsther T. Mertz Library	The LuEsther T Mertz Library, the New York Botanical Garden	13072	Q10340184			1916-01-01	| permissions = NOT_IN_COPYRIGHT<br>
Les bois indigènes de São Paulo (Page 169) BHL13034993.jpg	13034993	Text Illustration	Les bois indigènes de São Paulo	Q51406082	New York Botanical Garden, LuEsther T. Mertz Library	The LuEsther T Mertz Library, the New York Botanical Garden	13072	Q10340184			1916-01-01	| permissions = NOT_IN_COPYRIGHT<br>
Les bois indigènes de São Paulo (Page 171) BHL13034995.jpg	13034995	Text Illustration	Les bois indigènes de São Paulo	Q51406082	New York Botanical Garden, LuEsther T. Mertz Library	The LuEsther T Mertz Library, the New York Botanical Garden	13072	Q10340184			1916-01-01	| permissions = NOT_IN_COPYRIGHT<br>
Les bois indigènes de São Paulo (Page 172) BHL13034996.jpg	13034996	Text Illustration	Les bois indigènes de São Paulo	Q51406082	New York Botanical Garden, LuEsther T. Mertz Library	The LuEsther T Mertz Library, the New York Botanical Garden	13072	Q10340184			1916-01-01	| permissions = NOT_IN_COPYRIGHT<br>
Les bois indigènes de São Paulo (Page 173) BHL13034997.jpg	13034997	Text Illustration	Les bois indigènes de São Paulo	Q51406082	New York Botanical Garden, LuEsther T. Mertz Library	The LuEsther T Mertz Library, the New York Botanical Garden	13072	Q10340184			1916-01-01	| permissions = NOT_IN_COPYRIGHT<br>
Les bois indigènes de São Paulo (Page 179) BHL13035003.jpg	13035003	Text Illustration	Les bois indigènes de São Paulo	Q51406082	New York Botanical Garden, LuEsther T. Mertz Library	The LuEsther T Mertz Library, the New York Botanical Garden	13072	Q10340184			1916-01-01	| permissions = NOT_IN_COPYRIGHT<br>
Les bois indigènes de São Paulo (Page 18) BHL13034829.jpg	13034829	Text Illustration	Les bois indigènes de São Paulo	Q51406082	New York Botanical Garden, LuEsther T. Mertz Library	The LuEsther T Mertz Library, the New York Botanical Garden	13072	Q10340184			1916-01-01	| permissions = NOT_IN_COPYRIGHT<br>
Les bois indigènes de São Paulo (Page 180) BHL13035004.jpg	13035004	Text Illustration	Les bois indigènes de São Paulo	Q51406082	New York Botanical Garden, LuEsther T. Mertz Library	The LuEsther T Mertz Library, the New York Botanical Garden	13072	Q10340184			1916-01-01	| permissions = NOT_IN_COPYRIGHT<br>
Les bois indigènes de São Paulo (Page 181) BHL13035005.jpg	13035005	Text Illustration	Les bois indigènes de São Paulo	Q51406082	New York Botanical Garden, LuEsther T. Mertz Library	The LuEsther T Mertz Library, the New York Botanical Garden	13072	Q10340184			1916-01-01	| permissions = NOT_IN_COPYRIGHT<br>
Les bois indigènes de São Paulo (Page 183) BHL13035007.jpg	13035007	Text Illustration	Les bois indigènes de São Paulo	Q51406082	New York Botanical Garden, LuEsther T. Mertz Library	The LuEsther T Mertz Library, the New York Botanical Garden	13072	Q10340184			1916-01-01	| permissions = NOT_IN_COPYRIGHT<br>
Les bois indigènes de São Paulo (Page 185) BHL13035009.jpg	13035009	Text Illustration	Les bois indigènes de São Paulo	Q51406082	New York Botanical Garden, LuEsther T. Mertz Library	The LuEsther T Mertz Library, the New York Botanical Garden	13072	Q10340184			1916-01-01	| permissions = NOT_IN_COPYRIGHT<br>
Les bois indigènes de São Paulo (Page 189) BHL13035013.jpg	13035013	Text Illustration	Les bois indigènes de São Paulo	Q51406082	New York Botanical Garden, LuEsther T. Mertz Library	The LuEsther T Mertz Library, the New York Botanical Garden	13072	Q10340184			1916-01-01	| permissions = NOT_IN_COPYRIGHT<br>
Les bois indigènes de São Paulo (Page 190) BHL13035014.jpg	13035014	Text Illustration	Les bois indigènes de São Paulo	Q51406082	New York Botanical Garden, LuEsther T. Mertz Library	The LuEsther T Mertz Library, the New York Botanical Garden	13072	Q10340184			1916-01-01	| permissions = NOT_IN_COPYRIGHT<br>
Les bois indigènes de São Paulo (Page 2) BHL13034813.jpg	13034813	Text Illustration	Les bois indigènes de São Paulo	Q51406082	New York Botanical Garden, LuEsther T. Mertz Library	The LuEsther T Mertz Library, the New York Botanical Garden	13072	Q10340184			1916-01-01	| permissions = NOT_IN_COPYRIGHT<br>
Les bois indigènes de São Paulo (Page 201) BHL13035025.jpg	13035025	Text Illustration	Les bois indigènes de São Paulo	Q51406082	New York Botanical Garden, LuEsther T. Mertz Library	The LuEsther T Mertz Library, the New York Botanical Garden	13072	Q10340184			1916-01-01	| permissions = NOT_IN_COPYRIGHT<br>
Les bois indigènes de São Paulo (Page 202) BHL13035026.jpg	13035026	Text Illustration	Les bois indigènes de São Paulo	Q51406082	New York Botanical Garden, LuEsther T. Mertz Library	The LuEsther T Mertz Library, the New York Botanical Garden	13072	Q10340184			1916-01-01	| permissions = NOT_IN_COPYRIGHT<br>
Les bois indigènes de São Paulo (Page 205) BHL13035029.jpg	13035029	Text Illustration	Les bois indigènes de São Paulo	Q51406082	New York Botanical Garden, LuEsther T. Mertz Library	The LuEsther T Mertz Library, the New York Botanical Garden	13072	Q10340184			1916-01-01	| permissions = NOT_IN_COPYRIGHT<br>
Les bois indigènes de São Paulo (Page 207) BHL13035031.jpg	13035031	Text Illustration	Les bois indigènes de São Paulo	Q51406082	New York Botanical Garden, LuEsther T. Mertz Library	The LuEsther T Mertz Library, the New York Botanical Garden	13072	Q10340184			1916-01-01	| permissions = NOT_IN_COPYRIGHT<br>
Les bois indigènes de São Paulo (Page 209) BHL13035033.jpg	13035033	Text Illustration	Les bois indigènes de São Paulo	Q51406082	New York Botanical Garden, LuEsther T. Mertz Library	The LuEsther T Mertz Library, the New York Botanical Garden	13072	Q10340184			1916-01-01	| permissions = NOT_IN_COPYRIGHT<br>
Les bois indigènes de São Paulo (Page 21) BHL13034832.jpg	13034832	Text Illustration	Les bois indigènes de São Paulo	Q51406082	New York Botanical Garden, LuEsther T. Mertz Library	The LuEsther T Mertz Library, the New York Botanical Garden	13072	Q10340184			1916-01-01	| permissions = NOT_IN_COPYRIGHT<br>
Les bois indigènes de São Paulo (Page 211) BHL13035035.jpg	13035035	Text Illustration	Les bois indigènes de São Paulo	Q51406082	New York Botanical Garden, LuEsther T. Mertz Library	The LuEsther T Mertz Library, the New York Botanical Garden	13072	Q10340184			1916-01-01	| permissions = NOT_IN_COPYRIGHT<br>
Les bois indigènes de São Paulo (Page 213) BHL13035037.jpg	13035037	Text Illustration	Les bois indigènes de São Paulo	Q51406082	New York Botanical Garden, LuEsther T. Mertz Library	The LuEsther T Mertz Library, the New York Botanical Garden	13072	Q10340184			1916-01-01	| permissions = NOT_IN_COPYRIGHT<br>
Les bois indigènes de São Paulo (Page 215) BHL13035039.jpg	13035039	Text Illustration	Les bois indigènes de São Paulo	Q51406082	New York Botanical Garden, LuEsther T. Mertz Library	The LuEsther T Mertz Library, the New York Botanical Garden	13072	Q10340184			1916-01-01	| permissions = NOT_IN_COPYRIGHT<br>
Les bois indigènes de São Paulo (Page 216) BHL13035040.jpg	13035040	Text Illustration	Les bois indigènes de São Paulo	Q51406082	New York Botanical Garden, LuEsther T. Mertz Library	The LuEsther T Mertz Library, the New York Botanical Garden	13072	Q10340184			1916-01-01	| permissions = NOT_IN_COPYRIGHT<br>
Les bois indigènes de São Paulo (Page 22) BHL13034833.jpg	13034833	Text Illustration	Les bois indigènes de São Paulo	Q51406082	New York Botanical Garden, LuEsther T. Mertz Library	The LuEsther T Mertz Library, the New York Botanical Garden	13072	Q10340184			1916-01-01	| permissions = NOT_IN_COPYRIGHT<br>
Les bois indigènes de São Paulo (Page 222) BHL13035046.jpg	13035046	Text Illustration	Les bois indigènes de São Paulo	Q51406082	New York Botanical Garden, LuEsther T. Mertz Library	The LuEsther T Mertz Library, the New York Botanical Garden	13072	Q10340184			1916-01-01	| permissions = NOT_IN_COPYRIGHT<br>
Les bois indigènes de São Paulo (Page 223) BHL13035047.jpg	13035047	Text Illustration	Les bois indigènes de São Paulo	Q51406082	New York Botanical Garden, LuEsther T. Mertz Library	The LuEsther T Mertz Library, the New York Botanical Garden	13072	Q10340184			1916-01-01	| permissions = NOT_IN_COPYRIGHT<br>
Les bois indigènes de São Paulo (Page 225) BHL13035049.jpg	13035049	Text Illustration	Les bois indigènes de São Paulo	Q51406082	New York Botanical Garden, LuEsther T. Mertz Library	The LuEsther T Mertz Library, the New York Botanical Garden	13072	Q10340184			1916-01-01	| permissions = NOT_IN_COPYRIGHT<br>
Les bois indigènes de São Paulo (Page 227) BHL13035051.jpg	13035051	Text Illustration	Les bois indigènes de São Paulo	Q51406082	New York Botanical Garden, LuEsther T. Mertz Library	The LuEsther T Mertz Library, the New York Botanical Garden	13072	Q10340184			1916-01-01	| permissions = NOT_IN_COPYRIGHT<br>
Les bois indigènes de São Paulo (Page 228) BHL13035052.jpg	13035052	Text Illustration	Les bois indigènes de São Paulo	Q51406082	New York Botanical Garden, LuEsther T. Mertz Library	The LuEsther T Mertz Library, the New York Botanical Garden	13072	Q10340184			1916-01-01	| permissions = NOT_IN_COPYRIGHT<br>
Les bois indigènes de São Paulo (Page 229) BHL13035053.jpg	13035053	Text Illustration	Les bois indigènes de São Paulo	Q51406082	New York Botanical Garden, LuEsther T. Mertz Library	The LuEsther T Mertz Library, the New York Botanical Garden	13072	Q10340184			1916-01-01	| permissions = NOT_IN_COPYRIGHT<br>
Les bois indigènes de São Paulo (Page 231) BHL13035055.jpg	13035055	Text Illustration	Les bois indigènes de São Paulo	Q51406082	New York Botanical Garden, LuEsther T. Mertz Library	The LuEsther T Mertz Library, the New York Botanical Garden	13072	Q10340184			1916-01-01	| permissions = NOT_IN_COPYRIGHT<br>
Les bois indigènes de São Paulo (Page 232) BHL13035056.jpg	13035056	Text Illustration	Les bois indigènes de São Paulo	Q51406082	New York Botanical Garden, LuEsther T. Mertz Library	The LuEsther T Mertz Library, the New York Botanical Garden	13072	Q10340184			1916-01-01	| permissions = NOT_IN_COPYRIGHT<br>
Les bois indigènes de São Paulo (Page 237) BHL13035061.jpg	13035061	Text Illustration	Les bois indigènes de São Paulo	Q51406082	New York Botanical Garden, LuEsther T. Mertz Library	The LuEsther T Mertz Library, the New York Botanical Garden	13072	Q10340184			1916-01-01	| permissions = NOT_IN_COPYRIGHT<br>
Les bois indigènes de São Paulo (Page 241) BHL13035065.jpg	13035065	Text Illustration	Les bois indigènes de São Paulo	Q51406082	New York Botanical Garden, LuEsther T. Mertz Library	The LuEsther T Mertz Library, the New York Botanical Garden	13072	Q10340184			1916-01-01	| permissions = NOT_IN_COPYRIGHT<br>
Les bois indigènes de São Paulo (Page 242) BHL13035066.jpg	13035066	Text Illustration	Les bois indigènes de São Paulo	Q51406082	New York Botanical Garden, LuEsther T. Mertz Library	The LuEsther T Mertz Library, the New York Botanical Garden	13072	Q10340184			1916-01-01	| permissions = NOT_IN_COPYRIGHT<br>
Les bois indigènes de São Paulo (Page 248) BHL13035072.jpg	13035072	Text Illustration	Les bois indigènes de São Paulo	Q51406082	New York Botanical Garden, LuEsther T. Mertz Library	The LuEsther T Mertz Library, the New York Botanical Garden	13072	Q10340184			1916-01-01	| permissions = NOT_IN_COPYRIGHT<br>
Les bois indigènes de São Paulo (Page 249) BHL13035073.jpg	13035073	Text Illustration	Les bois indigènes de São Paulo	Q51406082	New York Botanical Garden, LuEsther T. Mertz Library	The LuEsther T Mertz Library, the New York Botanical Garden	13072	Q10340184			1916-01-01	| permissions = NOT_IN_COPYRIGHT<br>
Les bois indigènes de São Paulo (Page 25) BHL13034836.jpg	13034836	Text Illustration	Les bois indigènes de São Paulo	Q51406082	New York Botanical Garden, LuEsther T. Mertz Library	The LuEsther T Mertz Library, the New York Botanical Garden	13072	Q10340184			1916-01-01	| permissions = NOT_IN_COPYRIGHT<br>
Les bois indigènes de São Paulo (Page 250) BHL13035074.jpg	13035074	Text Illustration	Les bois indigènes de São Paulo	Q51406082	New York Botanical Garden, LuEsther T. Mertz Library	The LuEsther T Mertz Library, the New York Botanical Garden	13072	Q10340184			1916-01-01	| permissions = NOT_IN_COPYRIGHT<br>
Les bois indigènes de São Paulo (Page 251) BHL13035075.jpg	13035075	Text Illustration	Les bois indigènes de São Paulo	Q51406082	New York Botanical Garden, LuEsther T. Mertz Library	The LuEsther T Mertz Library, the New York Botanical Garden	13072	Q10340184			1916-01-01	| permissions = NOT_IN_COPYRIGHT<br>
Les bois indigènes de São Paulo (Page 252) BHL13035076.jpg	13035076	Text Illustration	Les bois indigènes de São Paulo	Q51406082	New York Botanical Garden, LuEsther T. Mertz Library	The LuEsther T Mertz Library, the New York Botanical Garden	13072	Q10340184			1916-01-01	| permissions = NOT_IN_COPYRIGHT<br>
Les bois indigènes de São Paulo (Page 255) BHL13035079.jpg	13035079	Text Illustration	Les bois indigènes de São Paulo	Q51406082	New York Botanical Garden, LuEsther T. Mertz Library	The LuEsther T Mertz Library, the New York Botanical Garden	13072	Q10340184			1916-01-01	| permissions = NOT_IN_COPYRIGHT<br>
Les bois indigènes de São Paulo (Page 257) BHL13035081.jpg	13035081	Text Illustration	Les bois indigènes de São Paulo	Q51406082	New York Botanical Garden, LuEsther T. Mertz Library	The LuEsther T Mertz Library, the New York Botanical Garden	13072	Q10340184			1916-01-01	| permissions = NOT_IN_COPYRIGHT<br>
Les bois indigènes de São Paulo (Page 258) BHL13035082.jpg	13035082	Text Illustration	Les bois indigènes de São Paulo	Q51406082	New York Botanical Garden, LuEsther T. Mertz Library	The LuEsther T Mertz Library, the New York Botanical Garden	13072	Q10340184			1916-01-01	| permissions = NOT_IN_COPYRIGHT<br>
Les bois indigènes de São Paulo (Page 26) BHL13034837.jpg	13034837	Text Illustration	Les bois indigènes de São Paulo	Q51406082	New York Botanical Garden, LuEsther T. Mertz Library	The LuEsther T Mertz Library, the New York Botanical Garden	13072	Q10340184			1916-01-01	| permissions = NOT_IN_COPYRIGHT<br>
Les bois indigènes de São Paulo (Page 261) BHL13035085.jpg	13035085	Text Illustration	Les bois indigènes de São Paulo	Q51406082	New York Botanical Garden, LuEsther T. Mertz Library	The LuEsther T Mertz Library, the New York Botanical Garden	13072	Q10340184			1916-01-01	| permissions = NOT_IN_COPYRIGHT<br>
Les bois indigènes de São Paulo (Page 263) BHL13035087.jpg	13035087	Text Illustration	Les bois indigènes de São Paulo	Q51406082	New York Botanical Garden, LuEsther T. Mertz Library	The LuEsther T Mertz Library, the New York Botanical Garden	13072	Q10340184			1916-01-01	| permissions = NOT_IN_COPYRIGHT<br>
Les bois indigènes de São Paulo (Page 264) BHL13035088.jpg	13035088	Text Illustration	Les bois indigènes de São Paulo	Q51406082	New York Botanical Garden, LuEsther T. Mertz Library	The LuEsther T Mertz Library, the New York Botanical Garden	13072	Q10340184			1916-01-01	| permissions = NOT_IN_COPYRIGHT<br>
Les bois indigènes de São Paulo (Page 266) BHL13035090.jpg	13035090	Text Illustration	Les bois indigènes de São Paulo	Q51406082	New York Botanical Garden, LuEsther T. Mertz Library	The LuEsther T Mertz Library, the New York Botanical Garden	13072	Q10340184			1916-01-01	| permissions = NOT_IN_COPYRIGHT<br>
Les bois indigènes de São Paulo (Page 269) BHL13035093.jpg	13035093	Text Illustration	Les bois indigènes de São Paulo	Q51406082	New York Botanical Garden, LuEsther T. Mertz Library	The LuEsther T Mertz Library, the New York Botanical Garden	13072	Q10340184			1916-01-01	| permissions = NOT_IN_COPYRIGHT<br>
Les bois indigènes de São Paulo (Page 270) BHL13035094.jpg	13035094	Text Illustration	Les bois indigènes de São Paulo	Q51406082	New York Botanical Garden, LuEsther T. Mertz Library	The LuEsther T Mertz Library, the New York Botanical Garden	13072	Q10340184			1916-01-01	| permissions = NOT_IN_COPYRIGHT<br>
Les bois indigènes de São Paulo (Page 277) BHL13035101.jpg	13035101	Text Illustration	Les bois indigènes de São Paulo	Q51406082	New York Botanical Garden, LuEsther T. Mertz Library	The LuEsther T Mertz Library, the New York Botanical Garden	13072	Q10340184			1916-01-01	| permissions = NOT_IN_COPYRIGHT<br>
Les bois indigènes de São Paulo (Page 278) BHL13035102.jpg	13035102	Text Illustration	Les bois indigènes de São Paulo	Q51406082	New York Botanical Garden, LuEsther T. Mertz Library	The LuEsther T Mertz Library, the New York Botanical Garden	13072	Q10340184			1916-01-01	| permissions = NOT_IN_COPYRIGHT<br>
Les bois indigènes de São Paulo (Page 283) BHL13035107.jpg	13035107	Text Illustration	Les bois indigènes de São Paulo	Q51406082	New York Botanical Garden, LuEsther T. Mertz Library	The LuEsther T Mertz Library, the New York Botanical Garden	13072	Q10340184			1916-01-01	| permissions = NOT_IN_COPYRIGHT<br>
Les bois indigènes de São Paulo (Page 285) BHL13035109.jpg	13035109	Text Illustration	Les bois indigènes de São Paulo	Q51406082	New York Botanical Garden, LuEsther T. Mertz Library	The LuEsther T Mertz Library, the New York Botanical Garden	13072	Q10340184			1916-01-01	| permissions = NOT_IN_COPYRIGHT<br>
Les bois indigènes de São Paulo (Page 286) BHL13035110.jpg	13035110	Text Illustration	Les bois indigènes de São Paulo	Q51406082	New York Botanical Garden, LuEsther T. Mertz Library	The LuEsther T Mertz Library, the New York Botanical Garden	13072	Q10340184			1916-01-01	| permissions = NOT_IN_COPYRIGHT<br>
Les bois indigènes de São Paulo (Page 3) BHL13034814.jpg	13034814	Text Illustration	Les bois indigènes de São Paulo	Q51406082	New York Botanical Garden, LuEsther T. Mertz Library	The LuEsther T Mertz Library, the New York Botanical Garden	13072	Q10340184			1916-01-01	| permissions = NOT_IN_COPYRIGHT<br>
Les bois indigènes de São Paulo (Page 301) BHL13035125.jpg	13035125	Text Illustration	Les bois indigènes de São Paulo	Q51406082	New York Botanical Garden, LuEsther T. Mertz Library	The LuEsther T Mertz Library, the New York Botanical Garden	13072	Q10340184			1916-01-01	| permissions = NOT_IN_COPYRIGHT<br>
Les bois indigènes de São Paulo (Page 303) BHL13035127.jpg	13035127	Text Illustration	Les bois indigènes de São Paulo	Q51406082	New York Botanical Garden, LuEsther T. Mertz Library	The LuEsther T Mertz Library, the New York Botanical Garden	13072	Q10340184			1916-01-01	| permissions = NOT_IN_COPYRIGHT<br>
Les bois indigènes de São Paulo (Page 304) BHL13035128.jpg	13035128	Text Illustration	Les bois indigènes de São Paulo	Q51406082	New York Botanical Garden, LuEsther T. Mertz Library	The LuEsther T Mertz Library, the New York Botanical Garden	13072	Q10340184			1916-01-01	| permissions = NOT_IN_COPYRIGHT<br>
Les bois indigènes de São Paulo (Page 305) BHL13035129.jpg	13035129	Text Illustration	Les bois indigènes de São Paulo	Q51406082	New York Botanical Garden, LuEsther T. Mertz Library	The LuEsther T Mertz Library, the New York Botanical Garden	13072	Q10340184			1916-01-01	| permissions = NOT_IN_COPYRIGHT<br>
Les bois indigènes de São Paulo (Page 306) BHL13035130.jpg	13035130	Text Illustration	Les bois indigènes de São Paulo	Q51406082	New York Botanical Garden, LuEsther T. Mertz Library	The LuEsther T Mertz Library, the New York Botanical Garden	13072	Q10340184			1916-01-01	| permissions = NOT_IN_COPYRIGHT<br>
Les bois indigènes de São Paulo (Page 307) BHL13035131.jpg	13035131	Text Illustration	Les bois indigènes de São Paulo	Q51406082	New York Botanical Garden, LuEsther T. Mertz Library	The LuEsther T Mertz Library, the New York Botanical Garden	13072	Q10340184			1916-01-01	| permissions = NOT_IN_COPYRIGHT<br>
Les bois indigènes de São Paulo (Page 308) BHL13035132.jpg	13035132	Text Illustration	Les bois indigènes de São Paulo	Q51406082	New York Botanical Garden, LuEsther T. Mertz Library	The LuEsther T Mertz Library, the New York Botanical Garden	13072	Q10340184			1916-01-01	| permissions = NOT_IN_COPYRIGHT<br>
Les bois indigènes de São Paulo (Page 309) BHL13035133.jpg	13035133	Text Illustration	Les bois indigènes de São Paulo	Q51406082	New York Botanical Garden, LuEsther T. Mertz Library	The LuEsther T Mertz Library, the New York Botanical Garden	13072	Q10340184			1916-01-01	| permissions = NOT_IN_COPYRIGHT<br>
Les bois indigènes de São Paulo (Page 31) BHL13034855.jpg	13034855	Text Illustration	Les bois indigènes de São Paulo	Q51406082	New York Botanical Garden, LuEsther T. Mertz Library	The LuEsther T Mertz Library, the New York Botanical Garden	13072	Q10340184			1916-01-01	| permissions = NOT_IN_COPYRIGHT<br>
Les bois indigènes de São Paulo (Page 310) BHL13035134.jpg	13035134	Text Illustration	Les bois indigènes de São Paulo	Q51406082	New York Botanical Garden, LuEsther T. Mertz Library	The LuEsther T Mertz Library, the New York Botanical Garden	13072	Q10340184			1916-01-01	| permissions = NOT_IN_COPYRIGHT<br>
Les bois indigènes de São Paulo (Page 311) BHL13035135.jpg	13035135	Text Illustration	Les bois indigènes de São Paulo	Q51406082	New York Botanical Garden, LuEsther T. Mertz Library	The LuEsther T Mertz Library, the New York Botanical Garden	13072	Q10340184			1916-01-01	| permissions = NOT_IN_COPYRIGHT<br>
Les bois indigènes de São Paulo (Page 312) BHL13035136.jpg	13035136	Text Illustration	Les bois indigènes de São Paulo	Q51406082	New York Botanical Garden, LuEsther T. Mertz Library	The LuEsther T Mertz Library, the New York Botanical Garden	13072	Q10340184			1916-01-01	| permissions = NOT_IN_COPYRIGHT<br>
Les bois indigènes de São Paulo (Page 313) BHL13035137.jpg	13035137	Text Illustration	Les bois indigènes de São Paulo	Q51406082	New York Botanical Garden, LuEsther T. Mertz Library	The LuEsther T Mertz Library, the New York Botanical Garden	13072	Q10340184			1916-01-01	| permissions = NOT_IN_COPYRIGHT<br>
Les bois indigènes de São Paulo (Page 314) BHL13035138.jpg	13035138	Text Illustration	Les bois indigènes de São Paulo	Q51406082	New York Botanical Garden, LuEsther T. Mertz Library	The LuEsther T Mertz Library, the New York Botanical Garden	13072	Q10340184			1916-01-01	| permissions = NOT_IN_COPYRIGHT<br>
Les bois indigènes de São Paulo (Page 315) BHL13035139.jpg	13035139	Text Illustration	Les bois indigènes de São Paulo	Q51406082	New York Botanical Garden, LuEsther T. Mertz Library	The LuEsther T Mertz Library, the New York Botanical Garden	13072	Q10340184			1916-01-01	| permissions = NOT_IN_COPYRIGHT<br>
Les bois indigènes de São Paulo (Page 316) BHL13035140.jpg	13035140	Text Illustration	Les bois indigènes de São Paulo	Q51406082	New York Botanical Garden, LuEsther T. Mertz Library	The LuEsther T Mertz Library, the New York Botanical Garden	13072	Q10340184			1916-01-01	| permissions = NOT_IN_COPYRIGHT<br>
Les bois indigènes de São Paulo (Page 317) BHL13035141.jpg	13035141	Text Illustration	Les bois indigènes de São Paulo	Q51406082	New York Botanical Garden, LuEsther T. Mertz Library	The LuEsther T Mertz Library, the New York Botanical Garden	13072	Q10340184			1916-01-01	| permissions = NOT_IN_COPYRIGHT<br>
Les bois indigènes de São Paulo (Page 318) BHL13035142.jpg	13035142	Text Illustration	Les bois indigènes de São Paulo	Q51406082	New York Botanical Garden, LuEsther T. Mertz Library	The LuEsther T Mertz Library, the New York Botanical Garden	13072	Q10340184			1916-01-01	| permissions = NOT_IN_COPYRIGHT<br>
Les bois indigènes de São Paulo (Page 319) BHL13035143.jpg	13035143	Text Illustration	Les bois indigènes de São Paulo	Q51406082	New York Botanical Garden, LuEsther T. Mertz Library	The LuEsther T Mertz Library, the New York Botanical Garden	13072	Q10340184			1916-01-01	| permissions = NOT_IN_COPYRIGHT<br>
Les bois indigènes de São Paulo (Page 320) BHL13035144.jpg	13035144	Text Illustration	Les bois indigènes de São Paulo	Q51406082	New York Botanical Garden, LuEsther T. Mertz Library	The LuEsther T Mertz Library, the New York Botanical Garden	13072	Q10340184			1916-01-01	| permissions = NOT_IN_COPYRIGHT<br>
Les bois indigènes de São Paulo (Page 321) BHL13035145.jpg	13035145	Text Illustration	Les bois indigènes de São Paulo	Q51406082	New York Botanical Garden, LuEsther T. Mertz Library	The LuEsther T Mertz Library, the New York Botanical Garden	13072	Q10340184			1916-01-01	| permissions = NOT_IN_COPYRIGHT<br>
Les bois indigènes de São Paulo (Page 322) BHL13035146.jpg	13035146	Text Illustration	Les bois indigènes de São Paulo	Q51406082	New York Botanical Garden, LuEsther T. Mertz Library	The LuEsther T Mertz Library, the New York Botanical Garden	13072	Q10340184			1916-01-01	| permissions = NOT_IN_COPYRIGHT<br>
Les bois indigènes de São Paulo (Page 323) BHL13035147.jpg	13035147	Text Illustration	Les bois indigènes de São Paulo	Q51406082	New York Botanical Garden, LuEsther T. Mertz Library	The LuEsther T Mertz Library, the New York Botanical Garden	13072	Q10340184			1916-01-01	| permissions = NOT_IN_COPYRIGHT<br>
Les bois indigènes de São Paulo (Page 324) BHL13035148.jpg	13035148	Text Illustration	Les bois indigènes de São Paulo	Q51406082	New York Botanical Garden, LuEsther T. Mertz Library	The LuEsther T Mertz Library, the New York Botanical Garden	13072	Q10340184			1916-01-01	| permissions = NOT_IN_COPYRIGHT<br>
Les bois indigènes de São Paulo (Page 325) BHL13035149.jpg	13035149	Text Illustration	Les bois indigènes de São Paulo	Q51406082	New York Botanical Garden, LuEsther T. Mertz Library	The LuEsther T Mertz Library, the New York Botanical Garden	13072	Q10340184			1916-01-01	| permissions = NOT_IN_COPYRIGHT<br>
Les bois indigènes de São Paulo (Page 326) BHL13035150.jpg	13035150	Text Illustration	Les bois indigènes de São Paulo	Q51406082	New York Botanical Garden, LuEsther T. Mertz Library	The LuEsther T Mertz Library, the New York Botanical Garden	13072	Q10340184			1916-01-01	| permissions = NOT_IN_COPYRIGHT<br>
Les bois indigènes de São Paulo (Page 327) BHL13035151.jpg	13035151	Text Illustration	Les bois indigènes de São Paulo	Q51406082	New York Botanical Garden, LuEsther T. Mertz Library	The LuEsther T Mertz Library, the New York Botanical Garden	13072	Q10340184			1916-01-01	| permissions = NOT_IN_COPYRIGHT<br>
Les bois indigènes de São Paulo (Page 328) BHL13035152.jpg	13035152	Text Illustration	Les bois indigènes de São Paulo	Q51406082	New York Botanical Garden, LuEsther T. Mertz Library	The LuEsther T Mertz Library, the New York Botanical Garden	13072	Q10340184			1916-01-01	| permissions = NOT_IN_COPYRIGHT<br>
Les bois indigènes de São Paulo (Page 329) BHL13035153.jpg	13035153	Text Illustration	Les bois indigènes de São Paulo	Q51406082	New York Botanical Garden, LuEsther T. Mertz Library	The LuEsther T Mertz Library, the New York Botanical Garden	13072	Q10340184			1916-01-01	| permissions = NOT_IN_COPYRIGHT<br>
Les bois indigènes de São Paulo (Page 33) BHL13034857.jpg	13034857	Text Illustration	Les bois indigènes de São Paulo	Q51406082	New York Botanical Garden, LuEsther T. Mertz Library	The LuEsther T Mertz Library, the New York Botanical Garden	13072	Q10340184			1916-01-01	| permissions = NOT_IN_COPYRIGHT<br>
Les bois indigènes de São Paulo (Page 330) BHL13035154.jpg	13035154	Text Illustration	Les bois indigènes de São Paulo	Q51406082	New York Botanical Garden, LuEsther T. Mertz Library	The LuEsther T Mertz Library, the New York Botanical Garden	13072	Q10340184			1916-01-01	| permissions = NOT_IN_COPYRIGHT<br>
Les bois indigènes de São Paulo (Page 331) BHL13035155.jpg	13035155	Text Illustration	Les bois indigènes de São Paulo	Q51406082	New York Botanical Garden, LuEsther T. Mertz Library	The LuEsther T Mertz Library, the New York Botanical Garden	13072	Q10340184			1916-01-01	| permissions = NOT_IN_COPYRIGHT<br>
Les bois indigènes de São Paulo (Page 332) BHL13035156.jpg	13035156	Text Illustration	Les bois indigènes de São Paulo	Q51406082	New York Botanical Garden, LuEsther T. Mertz Library	The LuEsther T Mertz Library, the New York Botanical Garden	13072	Q10340184			1916-01-01	| permissions = NOT_IN_COPYRIGHT<br>
Les bois indigènes de São Paulo (Page 333) BHL13035157.jpg	13035157	Text Illustration	Les bois indigènes de São Paulo	Q51406082	New York Botanical Garden, LuEsther T. Mertz Library	The LuEsther T Mertz Library, the New York Botanical Garden	13072	Q10340184			1916-01-01	| permissions = NOT_IN_COPYRIGHT<br>
Les bois indigènes de São Paulo (Page 334) BHL13035158.jpg	13035158	Text Illustration	Les bois indigènes de São Paulo	Q51406082	New York Botanical Garden, LuEsther T. Mertz Library	The LuEsther T Mertz Library, the New York Botanical Garden	13072	Q10340184			1916-01-01	| permissions = NOT_IN_COPYRIGHT<br>
Les bois indigènes de São Paulo (Page 335) BHL13035159.jpg	13035159	Text Illustration	Les bois indigènes de São Paulo	Q51406082	New York Botanical Garden, LuEsther T. Mertz Library	The LuEsther T Mertz Library, the New York Botanical Garden	13072	Q10340184			1916-01-01	| permissions = NOT_IN_COPYRIGHT<br>
Les bois indigènes de São Paulo (Page 336) BHL13035160.jpg	13035160	Text Illustration	Les bois indigènes de São Paulo	Q51406082	New York Botanical Garden, LuEsther T. Mertz Library	The LuEsther T Mertz Library, the New York Botanical Garden	13072	Q10340184			1916-01-01	| permissions = NOT_IN_COPYRIGHT<br>
Les bois indigènes de São Paulo (Page 337) BHL13035161.jpg	13035161	Text Illustration	Les bois indigènes de São Paulo	Q51406082	New York Botanical Garden, LuEsther T. Mertz Library	The LuEsther T Mertz Library, the New York Botanical Garden	13072	Q10340184			1916-01-01	| permissions = NOT_IN_COPYRIGHT<br>
Les bois indigènes de São Paulo (Page 338) BHL13035162.jpg	13035162	Text Illustration	Les bois indigènes de São Paulo	Q51406082	New York Botanical Garden, LuEsther T. Mertz Library	The LuEsther T Mertz Library, the New York Botanical Garden	13072	Q10340184			1916-01-01	| permissions = NOT_IN_COPYRIGHT<br>
Les bois indigènes de São Paulo (Page 339) BHL13035163.jpg	13035163	Text Illustration	Les bois indigènes de São Paulo	Q51406082	New York Botanical Garden, LuEsther T. Mertz Library	The LuEsther T Mertz Library, the New York Botanical Garden	13072	Q10340184			1916-01-01	| permissions = NOT_IN_COPYRIGHT<br>
Les bois indigènes de São Paulo (Page 34) BHL13034858.jpg	13034858	Text Illustration	Les bois indigènes de São Paulo	Q51406082	New York Botanical Garden, LuEsther T. Mertz Library	The LuEsther T Mertz Library, the New York Botanical Garden	13072	Q10340184			1916-01-01	| permissions = NOT_IN_COPYRIGHT<br>
Les bois indigènes de São Paulo (Page 340) BHL13035164.jpg	13035164	Text Illustration	Les bois indigènes de São Paulo	Q51406082	New York Botanical Garden, LuEsther T. Mertz Library	The LuEsther T Mertz Library, the New York Botanical Garden	13072	Q10340184			1916-01-01	| permissions = NOT_IN_COPYRIGHT<br>
Les bois indigènes de São Paulo (Page 341) BHL13035165.jpg	13035165	Text Illustration	Les bois indigènes de São Paulo	Q51406082	New York Botanical Garden, LuEsther T. Mertz Library	The LuEsther T Mertz Library, the New York Botanical Garden	13072	Q10340184			1916-01-01	| permissions = NOT_IN_COPYRIGHT<br>
Les bois indigènes de São Paulo (Page 342) BHL13035166.jpg	13035166	Text Illustration	Les bois indigènes de São Paulo	Q51406082	New York Botanical Garden, LuEsther T. Mertz Library	The LuEsther T Mertz Library, the New York Botanical Garden	13072	Q10340184			1916-01-01	| permissions = NOT_IN_COPYRIGHT<br>
Les bois indigènes de São Paulo (Page 343) BHL13035167.jpg	13035167	Text Illustration	Les bois indigènes de São Paulo	Q51406082	New York Botanical Garden, LuEsther T. Mertz Library	The LuEsther T Mertz Library, the New York Botanical Garden	13072	Q10340184			1916-01-01	| permissions = NOT_IN_COPYRIGHT<br>
Les bois indigènes de São Paulo (Page 344) BHL13035168.jpg	13035168	Text Illustration	Les bois indigènes de São Paulo	Q51406082	New York Botanical Garden, LuEsther T. Mertz Library	The LuEsther T Mertz Library, the New York Botanical Garden	13072	Q10340184			1916-01-01	| permissions = NOT_IN_COPYRIGHT<br>
Les bois indigènes de São Paulo (Page 345) BHL13035169.jpg	13035169	Text Illustration	Les bois indigènes de São Paulo	Q51406082	New York Botanical Garden, LuEsther T. Mertz Library	The LuEsther T Mertz Library, the New York Botanical Garden	13072	Q10340184			1916-01-01	| permissions = NOT_IN_COPYRIGHT<br>
Les bois indigènes de São Paulo (Page 346) BHL13035170.jpg	13035170	Text Illustration	Les bois indigènes de São Paulo	Q51406082	New York Botanical Garden, LuEsther T. Mertz Library	The LuEsther T Mertz Library, the New York Botanical Garden	13072	Q10340184			1916-01-01	| permissions = NOT_IN_COPYRIGHT<br>
Les bois indigènes de São Paulo (Page 347) BHL13035171.jpg	13035171	Text Illustration	Les bois indigènes de São Paulo	Q51406082	New York Botanical Garden, LuEsther T. Mertz Library	The LuEsther T Mertz Library, the New York Botanical Garden	13072	Q10340184			1916-01-01	| permissions = NOT_IN_COPYRIGHT<br>
Les bois indigènes de São Paulo (Page 348) BHL13035172.jpg	13035172	Text Illustration	Les bois indigènes de São Paulo	Q51406082	New York Botanical Garden, LuEsther T. Mertz Library	The LuEsther T Mertz Library, the New York Botanical Garden	13072	Q10340184			1916-01-01	| permissions = NOT_IN_COPYRIGHT<br>
Les bois indigènes de São Paulo (Page 349) BHL13035173.jpg	13035173	Text Illustration	Les bois indigènes de São Paulo	Q51406082	New York Botanical Garden, LuEsther T. Mertz Library	The LuEsther T Mertz Library, the New York Botanical Garden	13072	Q10340184			1916-01-01	| permissions = NOT_IN_COPYRIGHT<br>
Les bois indigènes de São Paulo (Page 350) BHL13035174.jpg	13035174	Text Illustration	Les bois indigènes de São Paulo	Q51406082	New York Botanical Garden, LuEsther T. Mertz Library	The LuEsther T Mertz Library, the New York Botanical Garden	13072	Q10340184			1916-01-01	| permissions = NOT_IN_COPYRIGHT<br>
Les bois indigènes de São Paulo (Page 351) BHL13035175.jpg	13035175	Text Illustration	Les bois indigènes de São Paulo	Q51406082	New York Botanical Garden, LuEsther T. Mertz Library	The LuEsther T Mertz Library, the New York Botanical Garden	13072	Q10340184			1916-01-01	| permissions = NOT_IN_COPYRIGHT<br>
Les bois indigènes de São Paulo (Page 352) BHL13035176.jpg	13035176	Text Illustration	Les bois indigènes de São Paulo	Q51406082	New York Botanical Garden, LuEsther T. Mertz Library	The LuEsther T Mertz Library, the New York Botanical Garden	13072	Q10340184			1916-01-01	| permissions = NOT_IN_COPYRIGHT<br>
Les bois indigènes de São Paulo (Page 353) BHL13035177.jpg	13035177	Text Illustration	Les bois indigènes de São Paulo	Q51406082	New York Botanical Garden, LuEsther T. Mertz Library	The LuEsther T Mertz Library, the New York Botanical Garden	13072	Q10340184			1916-01-01	| permissions = NOT_IN_COPYRIGHT<br>
Les bois indigènes de São Paulo (Page 354) BHL13035178.jpg	13035178	Text Illustration	Les bois indigènes de São Paulo	Q51406082	New York Botanical Garden, LuEsther T. Mertz Library	The LuEsther T Mertz Library, the New York Botanical Garden	13072	Q10340184			1916-01-01	| permissions = NOT_IN_COPYRIGHT<br>
Les bois indigènes de São Paulo (Page 355) BHL13035179.jpg	13035179	Text Illustration	Les bois indigènes de São Paulo	Q51406082	New York Botanical Garden, LuEsther T. Mertz Library	The LuEsther T Mertz Library, the New York Botanical Garden	13072	Q10340184			1916-01-01	| permissions = NOT_IN_COPYRIGHT<br>
Les bois indigènes de São Paulo (Page 356) BHL13035180.jpg	13035180	Text Illustration	Les bois indigènes de São Paulo	Q51406082	New York Botanical Garden, LuEsther T. Mertz Library	The LuEsther T Mertz Library, the New York Botanical Garden	13072	Q10340184			1916-01-01	| permissions = NOT_IN_COPYRIGHT<br>
Les bois indigènes de São Paulo (Page 357) BHL13035181.jpg	13035181	Text Illustration	Les bois indigènes de São Paulo	Q51406082	New York Botanical Garden, LuEsther T. Mertz Library	The LuEsther T Mertz Library, the New York Botanical Garden	13072	Q10340184			1916-01-01	| permissions = NOT_IN_COPYRIGHT<br>
Les bois indigènes de São Paulo (Page 358) BHL13035182.jpg	13035182	Text Illustration	Les bois indigènes de São Paulo	Q51406082	New York Botanical Garden, LuEsther T. Mertz Library	The LuEsther T Mertz Library, the New York Botanical Garden	13072	Q10340184			1916-01-01	| permissions = NOT_IN_COPYRIGHT<br>
Les bois indigènes de São Paulo (Page 359) BHL13035183.jpg	13035183	Text Illustration	Les bois indigènes de São Paulo	Q51406082	New York Botanical Garden, LuEsther T. Mertz Library	The LuEsther T Mertz Library, the New York Botanical Garden	13072	Q10340184			1916-01-01	| permissions = NOT_IN_COPYRIGHT<br>
Les bois indigènes de São Paulo (Page 360) BHL13035184.jpg	13035184	Text Illustration	Les bois indigènes de São Paulo	Q51406082	New York Botanical Garden, LuEsther T. Mertz Library	The LuEsther T Mertz Library, the New York Botanical Garden	13072	Q10340184			1916-01-01	| permissions = NOT_IN_COPYRIGHT<br>
Les bois indigènes de São Paulo (Page 361) BHL13035185.jpg	13035185	Text Illustration	Les bois indigènes de São Paulo	Q51406082	New York Botanical Garden, LuEsther T. Mertz Library	The LuEsther T Mertz Library, the New York Botanical Garden	13072	Q10340184			1916-01-01	| permissions = NOT_IN_COPYRIGHT<br>
Les bois indigènes de São Paulo (Page 362) BHL13035186.jpg	13035186	Text Illustration	Les bois indigènes de São Paulo	Q51406082	New York Botanical Garden, LuEsther T. Mertz Library	The LuEsther T Mertz Library, the New York Botanical Garden	13072	Q10340184			1916-01-01	| permissions = NOT_IN_COPYRIGHT<br>
Les bois indigènes de São Paulo (Page 363) BHL13035187.jpg	13035187	Text Illustration	Les bois indigènes de São Paulo	Q51406082	New York Botanical Garden, LuEsther T. Mertz Library	The LuEsther T Mertz Library, the New York Botanical Garden	13072	Q10340184			1916-01-01	| permissions = NOT_IN_COPYRIGHT<br>
Les bois indigènes de São Paulo (Page 364) BHL13035188.jpg	13035188	Text Illustration	Les bois indigènes de São Paulo	Q51406082	New York Botanical Garden, LuEsther T. Mertz Library	The LuEsther T Mertz Library, the New York Botanical Garden	13072	Q10340184			1916-01-01	| permissions = NOT_IN_COPYRIGHT<br>
Les bois indigènes de São Paulo (Page 365) BHL13035189.jpg	13035189	Text Illustration	Les bois indigènes de São Paulo	Q51406082	New York Botanical Garden, LuEsther T. Mertz Library	The LuEsther T Mertz Library, the New York Botanical Garden	13072	Q10340184			1916-01-01	| permissions = NOT_IN_COPYRIGHT<br>
Les bois indigènes de São Paulo (Page 366) BHL13035190.jpg	13035190	Text Illustration	Les bois indigènes de São Paulo	Q51406082	New York Botanical Garden, LuEsther T. Mertz Library	The LuEsther T Mertz Library, the New York Botanical Garden	13072	Q10340184			1916-01-01	| permissions = NOT_IN_COPYRIGHT<br>
Les bois indigènes de São Paulo (Page 367) BHL13035191.jpg	13035191	Text Illustration	Les bois indigènes de São Paulo	Q51406082	New York Botanical Garden, LuEsther T. Mertz Library	The LuEsther T Mertz Library, the New York Botanical Garden	13072	Q10340184			1916-01-01	| permissions = NOT_IN_COPYRIGHT<br>
Les bois indigènes de São Paulo (Page 368) BHL13035192.jpg	13035192	Text Illustration	Les bois indigènes de São Paulo	Q51406082	New York Botanical Garden, LuEsther T. Mertz Library	The LuEsther T Mertz Library, the New York Botanical Garden	13072	Q10340184			1916-01-01	| permissions = NOT_IN_COPYRIGHT<br>
Les bois indigènes de São Paulo (Page 41) BHL13034865.jpg	13034865	Text Illustration	Les bois indigènes de São Paulo	Q51406082	New York Botanical Garden, LuEsther T. Mertz Library	The LuEsther T Mertz Library, the New York Botanical Garden	13072	Q10340184			1916-01-01	| permissions = NOT_IN_COPYRIGHT<br>
Les bois indigènes de São Paulo (Page 42) BHL13034866.jpg	13034866	Text Illustration	Les bois indigènes de São Paulo	Q51406082	New York Botanical Garden, LuEsther T. Mertz Library	The LuEsther T Mertz Library, the New York Botanical Garden	13072	Q10340184			1916-01-01	| permissions = NOT_IN_COPYRIGHT<br>
Les bois indigènes de São Paulo (Page 43) BHL13034867.jpg	13034867	Text Illustration	Les bois indigènes de São Paulo	Q51406082	New York Botanical Garden, LuEsther T. Mertz Library	The LuEsther T Mertz Library, the New York Botanical Garden	13072	Q10340184			1916-01-01	| permissions = NOT_IN_COPYRIGHT<br>
Les bois indigènes de São Paulo (Page 44) BHL13034868.jpg	13034868	Text Illustration	Les bois indigènes de São Paulo	Q51406082	New York Botanical Garden, LuEsther T. Mertz Library	The LuEsther T Mertz Library, the New York Botanical Garden	13072	Q10340184			1916-01-01	| permissions = NOT_IN_COPYRIGHT<br>
Les bois indigènes de São Paulo (Page 48) BHL13034872.jpg	13034872	Text Illustration	Les bois indigènes de São Paulo	Q51406082	New York Botanical Garden, LuEsther T. Mertz Library	The LuEsther T Mertz Library, the New York Botanical Garden	13072	Q10340184			1916-01-01	| permissions = NOT_IN_COPYRIGHT<br>
Les bois indigènes de São Paulo (Page 55) BHL13034879.jpg	13034879	Text Illustration	Les bois indigènes de São Paulo	Q51406082	New York Botanical Garden, LuEsther T. Mertz Library	The LuEsther T Mertz Library, the New York Botanical Garden	13072	Q10340184			1916-01-01	| permissions = NOT_IN_COPYRIGHT<br>
Les bois indigènes de São Paulo (Page 59) BHL13034883.jpg	13034883	Text Illustration	Les bois indigènes de São Paulo	Q51406082	New York Botanical Garden, LuEsther T. Mertz Library	The LuEsther T Mertz Library, the New York Botanical Garden	13072	Q10340184			1916-01-01	| permissions = NOT_IN_COPYRIGHT<br>
Les bois indigènes de São Paulo (Page 6) BHL13034817.jpg	13034817	Text Illustration	Les bois indigènes de São Paulo	Q51406082	New York Botanical Garden, LuEsther T. Mertz Library	The LuEsther T Mertz Library, the New York Botanical Garden	13072	Q10340184			1916-01-01	| permissions = NOT_IN_COPYRIGHT<br>
Les bois indigènes de São Paulo (Page 65) BHL13034889.jpg	13034889	Text Illustration	Les bois indigènes de São Paulo	Q51406082	New York Botanical Garden, LuEsther T. Mertz Library	The LuEsther T Mertz Library, the New York Botanical Garden	13072	Q10340184			1916-01-01	| permissions = NOT_IN_COPYRIGHT<br>
Les bois indigènes de São Paulo (Page 71) BHL13034895.jpg	13034895	Text Illustration	Les bois indigènes de São Paulo	Q51406082	New York Botanical Garden, LuEsther T. Mertz Library	The LuEsther T Mertz Library, the New York Botanical Garden	13072	Q10340184			1916-01-01	| permissions = NOT_IN_COPYRIGHT<br>
Les bois indigènes de São Paulo (Page 72) BHL13034896.jpg	13034896	Text Illustration	Les bois indigènes de São Paulo	Q51406082	New York Botanical Garden, LuEsther T. Mertz Library	The LuEsther T Mertz Library, the New York Botanical Garden	13072	Q10340184			1916-01-01	| permissions = NOT_IN_COPYRIGHT<br>
Les bois indigènes de São Paulo (Page 79) BHL13034903.jpg	13034903	Text Illustration	Les bois indigènes de São Paulo	Q51406082	New York Botanical Garden, LuEsther T. Mertz Library	The LuEsther T Mertz Library, the New York Botanical Garden	13072	Q10340184			1916-01-01	| permissions = NOT_IN_COPYRIGHT<br>
Les bois indigènes de São Paulo (Page 8) BHL13034819.jpg	13034819	Text Illustration	Les bois indigènes de São Paulo	Q51406082	New York Botanical Garden, LuEsther T. Mertz Library	The LuEsther T Mertz Library, the New York Botanical Garden	13072	Q10340184			1916-01-01	| permissions = NOT_IN_COPYRIGHT<br>
Les bois indigènes de São Paulo (Page 80) BHL13034904.jpg	13034904	Text Illustration	Les bois indigènes de São Paulo	Q51406082	New York Botanical Garden, LuEsther T. Mertz Library	The LuEsther T Mertz Library, the New York Botanical Garden	13072	Q10340184			1916-01-01	| permissions = NOT_IN_COPYRIGHT<br>
Les bois indigènes de São Paulo (Page 85) BHL13034909.jpg	13034909	Text Illustration	Les bois indigènes de São Paulo	Q51406082	New York Botanical Garden, LuEsther T. Mertz Library	The LuEsther T Mertz Library, the New York Botanical Garden	13072	Q10340184			1916-01-01	| permissions = NOT_IN_COPYRIGHT<br>
Les bois indigènes de São Paulo (Page 87) BHL13034911.jpg	13034911	Text Illustration	Les bois indigènes de São Paulo	Q51406082	New York Botanical Garden, LuEsther T. Mertz Library	The LuEsther T Mertz Library, the New York Botanical Garden	13072	Q10340184			1916-01-01	| permissions = NOT_IN_COPYRIGHT<br>
Les bois indigènes de São Paulo (Page 89) BHL13034913.jpg	13034913	Text Illustration	Les bois indigènes de São Paulo	Q51406082	New York Botanical Garden, LuEsther T. Mertz Library	The LuEsther T Mertz Library, the New York Botanical Garden	13072	Q10340184			1916-01-01	| permissions = NOT_IN_COPYRIGHT<br>
Les bois indigènes de São Paulo (Page 90) BHL13034914.jpg	13034914	Text Illustration	Les bois indigènes de São Paulo	Q51406082	New York Botanical Garden, LuEsther T. Mertz Library	The LuEsther T Mertz Library, the New York Botanical Garden	13072	Q10340184			1916-01-01	| permissions = NOT_IN_COPYRIGHT<br>
Les bois indigènes de São Paulo (Page 94) BHL13034918.jpg	13034918	Text Illustration	Les bois indigènes de São Paulo	Q51406082	New York Botanical Garden, LuEsther T. Mertz Library	The LuEsther T Mertz Library, the New York Botanical Garden	13072	Q10340184			1916-01-01	| permissions = NOT_IN_COPYRIGHT<br>
Les bois indigènes de São Paulo (Page 96) BHL13034920.jpg	13034920	Text Illustration	Les bois indigènes de São Paulo	Q51406082	New York Botanical Garden, LuEsther T. Mertz Library	The LuEsther T Mertz Library, the New York Botanical Garden	13072	Q10340184			1916-01-01	| permissions = NOT_IN_COPYRIGHT<br>
Les bois indigènes de São Paulo BHL13035210.jpg	13035210	Cover	Les bois indigènes de São Paulo	Q51406082	New York Botanical Garden, LuEsther T. Mertz Library	The LuEsther T Mertz Library, the New York Botanical Garden	13072	Q10340184			1916-01-01	| permissions = NOT_IN_COPYRIGHT<br>
